iso2,country,nomin_id,osm_id,bb_min_lat,bb_max_lat,bb_min_lon,bb_max_lon,lon,lat,display_name,osm_type,place_class,place_type,importance,city,county,state,city_ascii,zoom,bb_center_lat,bb_center_lon,display_ascii
AF,Afghanistan,258408076,303427,29.3772,38.4910682,60.5176034,74.889862,66.2385139,33.7680065,افغانستان,relation,boundary,administrative,0.7470274828373141,,,,,5.0,33.9341341,67.70373269999999,Afghanistan
AX,Åland Islands,258616953,1650407,59.4541578,60.87665,19.0832098,21.3456452,19.9438638,60.2166218,"Åland, Suomi / Finland",relation,boundary,administrative,0.7091954607563733,,,,,5.0,60.1654039,20.2144275,Åland Islands
AL,Albania,258008970,53292,39.6448625,42.6610848,19.1246095,21.0574335,19.9999619,41.000028,Shqipëria,relation,boundary,administrative,0.7279117988937367,,,,,5.0,41.15297365,20.091021499999997,Albania
DZ,Algeria,258028956,192756,18.968147,37.2962055,-8.668908,11.997337,2.9999825,28.0000272,Algérie / ⵍⵣⵣⴰⵢⴻⵔ / الجزائر,relation,boundary,administrative,0.7583190250698228,,,,,5.0,28.13217625,1.6642145,Algeria
AS,American Samoa,258594189,2177187,-14.7608358,-10.8449746,-171.2951296,-167.9322899,-170.692511,-14.289304,"American Samoa, United States",relation,boundary,administrative,0.8745883739831064,,,,,5.0,-12.802905200000001,-169.61370975,American Samoa
AD,Andorra,257654900,9407,42.4288238,42.6559357,1.4135781,1.786664,1.5732033,42.5407167,Andorra,relation,boundary,administrative,0.7795003945578584,,,,,13.413137095909763,42.54237975,1.60012105,Andorra
AO,Angola,258358160,195267,-18.038945,-4.3880634,11.4609793,24.0878856,17.5691241,-11.8775768,Angola,relation,boundary,administrative,0.8311176176046287,,,,,5.0,-11.2135042,17.77443245,Angola
AI,Anguilla,258465287,2177161,18.0615454,18.7951194,-63.6391992,-62.7125449,-63.0750234,18.1954947,Anguilla,relation,boundary,administrative,0.7070336221485819,,,,,9.243804705255055,18.428332400000002,-63.175872049999995,Anguilla
AQ,Antarctica,203501,36966060,-104.4063075,-54.4063075,-24.6850688,25.3149312,0.3149312,-79.4063075,Antarctica,node,place,continent,0.7611217772878573,,,,,5.0,-79.4063075,0.3149312000000002,Antarctica
AG,Antigua & Barbuda,258064433,536900,16.7573901,17.929,-62.5536517,-61.447857,-61.9554608,17.2234721,Antigua and Barbuda,relation,boundary,administrative,0.8343630431446463,,,,,5.0,17.34319505,-62.00075435,Antigua & Barbuda
AR,Argentina,258404994,286393,-55.1850761,-21.7808568,-73.5605371,-53.6374515,-64.9672817,-34.9964963,Argentina,relation,boundary,administrative,0.9201041945616906,,,,,5.0,-38.48296645,-63.5989943,Argentina
AM,Armenia,257747794,364066,38.8404775,41.3016463,43.4471395,46.6333087,44.6736646,40.7696272,Հայաստան,relation,boundary,administrative,0.7316014853333616,,,,,5.0,40.071061900000004,45.0402241,Armenia
AW,Aruba,64744079,5760783200,12.1702998,12.8102998,-70.2809842,-69.6409842,-69.9609842,12.4902998,"Aruba, Santa Cruz, Aruba, ARUBA, Nederland",node,place,island,0.7320450889452677,,,,,11.13683988269795,12.490299799999999,-69.96098420000001,Aruba
AU,Australia,257740098,80500,-55.3228175,-9.0880125,72.2461932,168.2261259,134.755,-24.7761086,Australia,relation,boundary,administrative,0.9621350639151115,,,,,5.0,-32.205415,120.23615955,Australia
AT,Austria,257659808,16239,46.3722761,49.0205306,9.5307487,17.1607728,13.2,47.2,Österreich,relation,boundary,administrative,0.8230438741641259,,,,,5.0,47.69640335,13.34576075,Austria
AZ,Azerbaijan,257577722,364110,38.3929551,41.9502947,44.7633701,51.0090302,47.7872508,40.3936294,Azərbaycan,relation,boundary,administrative,0.7409309699694469,,,,,5.0,40.1716249,47.88620015,Azerbaijan
BS,Bahamas,258050699,547469,20.7059846,27.4734551,-80.7001941,-72.4477521,-78.0000547,24.7736546,The Bahamas,relation,boundary,administrative,0.7749093429025892,,,,,5.0,24.08971985,-76.5739731,Bahamas
BH,Bahrain,258524311,378734,25.535,26.6872444,50.2697989,50.9233693,50.5344606,26.1551249,البحرين,relation,boundary,administrative,0.6815878456357359,,,,,8.730179794865604,26.1111222,50.5965841,Bahrain
BD,Bangladesh,298155988,184640,20.3756582,26.6382534,88.007915,92.6804979,90.2932426,24.4768783,বাংলাদেশ,relation,boundary,administrative,0.7180059716231835,,,,,5.0,23.5069558,90.34420645,Bangladesh
BB,Barbados,258050720,547511,12.845,13.535,-59.8562115,-59.2147175,-59.5250305,13.1500331,Barbados,relation,boundary,administrative,0.7695474125937215,,,,,10.905397845083083,13.190000000000001,-59.5354645,Barbados
BY,Belarus,257723650,59065,51.2626864,56.17218,23.1783344,32.7627809,27.6971358,53.4250605,Беларусь,relation,boundary,administrative,0.7568962963289023,,,,,5.0,53.7174332,27.970557650000003,Belarus
BE,Belgium,258282932,52411,49.4969821,51.550781,2.3889137,6.408097,4.6667145,50.6402809,België / Belgique / Belgien,relation,boundary,administrative,0.8190605523573009,,,,,5.0,50.52388155,4.39850535,Belgium
BZ,Belize,258422412,287827,15.8857286,18.4959143,-89.2273252,-87.3098494,-88.7600927,16.8259793,Belize,relation,boundary,administrative,0.770897982846959,,,,,5.0,17.19082145,-88.26858730000001,Belize
BJ,Benin,258030246,192784,6.0398696,12.4092028,0.776667,3.8451454,2.31006719638123,9.2231105,Bénin,relation,boundary,administrative,0.667613308618136,,,,,5.0,9.2245362,2.3109062,Benin
BM,Bermuda,258317544,1993208,32.0469651,32.5913693,-65.1232222,-64.4109842,-64.7603583,32.3018217,Bermuda,relation,boundary,administrative,0.7530469547486893,,,,,11.289971915501559,32.319167199999995,-64.76710320000001,Bermuda
BT,Bhutan,257894181,184629,26.7016859,28.246987,88.7464724,92.1252321,90.5119273,27.549511,འབྲུག་ཡུལ་,relation,boundary,administrative,0.6587555328011975,,,,,5.0,27.474336450000003,90.43585225000001,Bhutan
BO,Bolivia,258419196,252645,-22.8982742,-9.6689438,-69.6450073,-57.453,-64.9912286,-17.0568696,Bolivia,relation,boundary,administrative,0.8433549409276643,,,,,5.0,-16.283609,-63.54900365,Bolivia
BA,Bosnia & Herzegovina,258531774,2528142,42.5553114,45.2764135,15.7287433,19.6237311,17.5961467,44.3053476,Bosna i Hercegovina / Босна и Херцеговина,relation,boundary,administrative,0.7439729854446689,,,,,5.0,43.91586245,17.6762372,Bosnia & Herzegovina
BW,Botswana,258296134,1889339,-26.9059669,-17.778137,19.9986474,29.375304,24.5928742,-23.1681782,Botswana,relation,boundary,administrative,0.7798113249599973,,,,,5.0,-22.34205195,24.686975699999998,Botswana
BV,Bouvet Island,132452558,174996681,-54.4528825,-54.38661,3.285761,3.4333805,3.3599732952297483,-54.4201305,"Bouvetøya, Norge",way,place,island,0.5369784471241518,,,,,13.938293884425255,-54.41974625,3.35957075,Bouvet Island
BR,Brazil,256950327,59470,-33.8689056,5.2693306,-73.9830625,-28.6289646,-53.2,-10.3333333,Brasil,relation,boundary,administrative,0.8455773423061166,,,,,5.0,-14.299787499999999,-51.30601355,Brazil
IO,British Indian Ocean Territory,258612641,1993867,-7.6454079,-5.037066,71.036504,72.7020157,72.00648804312836,-5.349626649999999,British Indian Ocean Territory,relation,boundary,administrative,0.9738648344267586,,,,,5.0,-6.341236950000001,71.86925984999999,British Indian Ocean Territory
VG,British Virgin Islands,258226789,285454,18.1055311,18.9503802,-64.9559611,-64.0597294,-64.5661642,18.4024395,British Virgin Islands,relation,boundary,administrative,0.9090676363804105,,,,,8.70139770524122,18.527955650000003,-64.50784525,British Virgin Islands
BN,Brunei,258274799,2103120,4.002508,5.1011857,114.0758734,115.3635623,114.5653908,4.4137155,Brunei,relation,boundary,administrative,0.7700834940527016,,,,,5.0,4.55184685,114.71971785,Brunei
BG,Bulgaria,257859201,186382,41.2353929,44.2158144,22.3571459,28.8875409,25.336199594318522,42.72572155,Бългaрия,relation,boundary,administrative,0.7853882478805979,,,,,5.0,42.72560365,25.6223434,Bulgaria
BF,Burkina Faso,258453504,192783,9.4104718,15.084,-5.513207,2.4089717,-1.6880314,12.0753083,Burkina Faso,relation,boundary,administrative,0.8804912244814891,,,,,5.0,12.2472359,-1.5521176500000002,Burkina Faso
BI,Burundi,257886094,195269,-4.4693155,-2.3096796,29.0007401,30.8498462,29.8870575,-3.3634357,Burundi,relation,boundary,administrative,0.7696333887300868,,,,,5.0,-3.38949755,29.92529315,Burundi
KH,Cambodia,257250265,49898,9.4752639,14.6904224,102.3338282,107.6276788,104.869423,13.5066394,ព្រះរាជាណាចក្រ​កម្ពុជា,relation,boundary,administrative,0.6955832451646279,,,,,5.0,12.082843149999999,104.98075349999999,Cambodia
CM,Cameroon,258195704,192830,1.6517489,13.083333,8.3822176,16.1911011,13.1535811,4.6125522,Cameroun,relation,boundary,administrative,0.7192668052570288,,,,,5.0,7.3675409499999995,12.28665935,Cameroon
CA,Canada,258158704,1428125,41.6765556,83.3362128,-141.00275,-52.3231981,-107.991707,61.0666922,Canada,relation,boundary,administrative,0.9761259109654082,,,,,5.0,62.5063842,-96.66297405,Canada
CV,Cape Verde,258324792,535774,14.6066229,17.407117,-25.5731073,-22.4547752,-24.0083947,16.0000552,Cabo Verde,relation,boundary,administrative,0.757468696317777,,,,,5.0,16.00686995,-24.013941250000002,Cape Verde
BQ,Caribbean Netherlands,297841361,1216720,11.825,17.85,-68.6255319,-62.7862552,-63.143238651638256,17.566000000000003,"Caribisch Nederland, Nederland",relation,place,region,0.5146570350610657,,,,,5.0,14.8375,-65.70589355,Caribbean Netherlands
KY,Cayman Islands,258496958,2185366,19.0620619,19.9573759,-81.6313748,-79.5110954,-79.9174627243246,19.703182249999998,Cayman Islands,relation,boundary,administrative,0.8185512226394072,,,,,5.0,19.5097189,-80.5712351,Cayman Islands
CF,Central African Republic,257558721,192790,2.2256092,11.001389,14.4155426,27.4665499,19.9981227,7.0323598,Ködörösêse tî Bêafrîka - République Centrafricaine,relation,boundary,administrative,0.6698101501480042,,,,,5.0,6.6134991,20.94104625,Central African Republic
TD,Chad,258517069,2361304,7.44107,23.4514945,13.47348,24,19.0156172,15.6134137,Tchad تشاد,relation,boundary,administrative,0.7624622830810212,,,,,5.0,15.44628225,18.73674,Chad
CL,Chile,257831844,167454,-56.725,-17.4983998,-109.6795789,-66.0753474,-71.3187697,-31.7613365,Chile,relation,boundary,administrative,0.8883421083469705,,,,,5.0,-37.111699900000005,-87.87746315,Chile
CN,China,307404036,270056,8.8379047,53.5608154,73.4997347,134.7754563,104.999927,35.000074,中国,relation,boundary,administrative,0.8788265963780304,,,,,5.0,31.199360050000003,104.1375955,China
CX,Christmas Island,258909026,6365444,-10.5700828,-10.4123045,105.5334384,105.7130159,105.6173514897963,-10.49124145,"Christmas Island, Shire of Christmas Island, Christmas Island, 6798, Australia",relation,place,island,0.7729044851142925,,,,,13.808314716162243,-10.49119365,105.62322714999999,Christmas Island
CC,Cocos (Keeling) Islands,258038468,82636,-12.4118829,-11.6212366,96.6115772,97.1349614,96.8409375,-12.0728315,"Cocos (Keeling) Islands, Australia",relation,boundary,administrative,0.8710194498837897,,,,,11.107328594621489,-12.016559749999999,96.8732693,Cocos (Keeling) Islands
CO,Colombia,258355394,120027,-4.2316872,16.0571269,-82.1243666,-66.8511907,-73.783892,2.8894434,Colombia,relation,boundary,administrative,0.8897086469365706,,,,,5.0,5.91271985,-74.48777865,Colombia
KM,Comoros,257913841,535790,-12.621,-11.165,43.025305,44.7451922,44.2832964,-12.2045176,Comores Komori جزر القمر,relation,boundary,administrative,0.6337776919734862,,,,,5.0,-11.893,43.8852486,Comoros
CG,Congo - Brazzaville,257866268,192794,-5.149089,3.713056,11.0048205,18.643611,16.018048574081842,-0.7179165000000001,Congo,relation,boundary,administrative,0.777415764799089,,,,,5.0,-0.7180165000000001,14.82421575,Congo - Brazzaville
CD,Congo - Kinshasa,258410829,192795,-13.459035,5.3920026,12.039074,31.3056758,23.8222636,-2.9814344,République démocratique du Congo,relation,boundary,administrative,0.8224051176675251,,,,,5.0,-4.0335162,21.6723749,Congo - Kinshasa
CK,Cook Islands,258611909,2184233,-22.15807,-8.7168792,-166.0856468,-157.1089329,-157.9753368892878,-19.919672900000002,Kūki 'Āirani,relation,boundary,administrative,0.6125970914026468,,,,,5.0,-15.437474599999998,-161.59728985,Cook Islands
CR,Costa Rica,258402817,287667,5.2980534,11.2195684,-87.2951397,-82.5060208,-83.82371114343024,9.5773243,Costa Rica,relation,boundary,administrative,0.9164548072446719,,,,,5.0,8.2588109,-84.90058024999999,Costa Rica
CI,Côte d’Ivoire,257869389,192779,4.1621205,10.740197,-8.6014675,-2.493031,-5.5679458,7.9897371,Côte d’Ivoire,relation,boundary,administrative,1.1038520491883932,,,,,5.0,7.45115875,-5.54724925,Côte d’Ivoire
HR,Croatia,257878830,214885,42.1765993,46.555029,13.2104814,19.4472713,17.0118954,45.5643442,Hrvatska,relation,boundary,administrative,0.7836857430278734,,,,,5.0,44.36581415,16.32887635,Croatia
CU,Cuba,258428385,307833,19.6275294,23.4816972,-85.1679702,-73.9190004,-80.8328748,23.0131338,Cuba,relation,boundary,administrative,0.8548390516907953,,,,,5.0,21.5546133,-79.5434853,Cuba
CW,Curaçao,258364728,1216719,11.777,12.592,-69.3673493,-68.4413473,-68.9640875031406,12.1845,"Curaçao, Nederland",relation,boundary,administrative,0.728742539892407,,,,,8.718837141896394,12.1845,-68.90434830000001,Curaçao
CY,Cyprus,257947846,307787,34.4383706,35.913252,32.0227581,34.8553182,33.1451285,34.9823018,Κύπρος - Kıbrıs,relation,boundary,administrative,0.7205472497706183,,,,,5.0,35.1758113,33.43903815,Cyprus
CZ,Czechia,257259323,51684,48.5518081,51.0557014,12.0905752,18.8592538,15.4749544,49.8167003,Česko,relation,boundary,administrative,0.8101484428659584,,,,,5.0,49.803754749999996,15.4749145,Czechia
DK,Denmark,257253228,50046,54.4516667,57.9524297,7.7153255,15.5530641,10.3333283,55.670249,Danmark,relation,boundary,administrative,0.8068058646917506,,,,,5.0,56.2020482,11.6341948,Denmark
DJ,Djibouti,258180441,192801,10.9149547,12.7923081,41.7713139,43.6579046,42.757784519943655,11.85677545,Djibouti جيبوتي,relation,boundary,administrative,0.7526382482526097,,,,,5.0,11.8536314,42.71460925,Djibouti
DO,Dominican Republic,257680231,307828,17.2701708,21.2928771,-72.0574706,-68.1101463,-70.035906834967,19.28131815,República Dominicana,relation,boundary,administrative,0.8082365994404431,,,,,5.0,19.28152395,-70.08380844999999,Dominican Republic
EC,Ecuador,258316020,108089,-5.0159314,1.8835964,-92.2072392,-75.192504,-79.3666965,-1.3397668,Ecuador,relation,boundary,administrative,0.8492886036898808,,,,,5.0,-1.5661675000000002,-83.6998716,Ecuador
EG,Egypt,258188085,1473947,21.9936506,31.8330854,24.6499112,37.1153517,29.2675469,26.2540493,مصر,relation,boundary,administrative,0.7851639582332346,,,,,5.0,26.913368,30.882631449999998,Egypt
SV,El Salvador,258136452,1520612,12.976046,14.4510488,-90.1790975,-87.6351394,-88.9140683,13.8000382,El Salvador,relation,boundary,administrative,0.886510020381369,,,,,5.0,13.7135474,-88.90711845,El Salvador
GQ,Equatorial Guinea,257904282,192791,-1.6732196,3.989,5.4172943,11.359111,10.5170357,1.613172,Guinea Ecuatorial,relation,boundary,administrative,0.7510437706502305,,,,,5.0,1.1578902,8.38820265,Equatorial Guinea
ER,Eritrea,258214833,296961,12.3548219,18.0709917,36.4333653,43.3001714,37.9999668,15.9500319,ኤርትራ Eritrea إرتريا,relation,boundary,administrative,0.7615824718048837,,,,,5.0,15.212906799999999,39.86676835,Eritrea
EE,Estonia,257915995,79510,57.5092997,59.9383754,21.3826069,28.2100175,25.3319078,58.7523778,Eesti,relation,boundary,administrative,0.7514230937702543,,,,,5.0,58.72383755,24.7963122,Estonia
SZ,Eswatini,257310894,88210,-27.3175201,-25.71876,30.7908,32.1349923,31.3991317,-26.5624806,eSwatini,relation,boundary,administrative,0.7216408567323528,,,,,5.0,-26.51814005,31.46289615,Eswatini
ET,Ethiopia,307692011,2163914205,3.2116702,17.2116702,31.6521203,45.6521203,38.6521203,10.2116702,"ኢትዮጵያ / Ethiopia, ኢትዮጵያ",node,place,country,0.8193136541892808,,,,,5.0,10.2116702,38.6521203,Ethiopia
FK,Falkland Islands,258336964,2185374,-53.1186766,-50.7973007,-61.7726772,-57.3662367,-59.5500387,-51.9666424,Falkland Islands,relation,boundary,administrative,0.8202205549142438,,,,,5.0,-51.957988650000004,-59.56945695,Falkland Islands
FO,Faroe Islands,258332903,52939,61.2880991,62.4476162,-7.7983834,-6.1413262,-7.0322972,62.0448724,Føroyar,relation,boundary,administrative,0.659716477404028,,,,,5.0,61.86785765,-6.9698548,Faroe Islands
FJ,Fiji,258486203,571747,-21.9434274,-12.2613866,-180,180,179.0122737,-18.1239696,Viti,relation,boundary,administrative,0.6818783001588485,,,,,5.0,-17.102407,0.0,Fiji
FI,Finland,257282877,54224,59.4541578,70.0922939,19.0832098,31.5867071,25.9209164,63.2467777,Suomi / Finland,relation,boundary,administrative,0.9073275035685281,,,,,5.0,64.77322585,25.334958450000002,Finland
FR,France,258401904,2202162,-50.2187169,51.3055721,-178.3873749,172.3057152,1.8883335,46.603354,France,relation,boundary,administrative,1.0233264437396503,,,,,5.0,0.5434276000000011,-3.0408298499999944,France
GF,French Guiana,258748313,2502058,2.1109401,5.7481156,-54.6026945,-51.6346139,-52.999998,4.0039882,"Guyane, France",relation,boundary,administrative,0.6535641883025238,,,,,5.0,3.9295278500000004,-53.118654199999995,French Guiana
PF,French Polynesia,258621523,3412620,-28.0990232,-7.6592173,-154.9360599,-134.244799,-146.0490931059517,-16.03442485,"Polynésie Française, France",relation,boundary,administrative,0.629455740824898,,,,,5.0,-17.87912025,-144.59042945,French Polynesia
TF,French Southern Territories,258291423,2186658,-50.2187169,-11.3139928,39.4138676,77.8494974,69.62275903679347,-49.237441950000004,"Terres australes et antarctiques françaises, France",relation,boundary,administrative,0.5472975010071043,,,,,5.0,-30.76635485,58.631682500000004,French Southern Territories
GA,Gabon,257869964,192793,-4.1012261,2.3192894,8.5002246,14.539444,11.6899699,-0.8999695,Gabon,relation,boundary,administrative,0.7875969819655252,,,,,5.0,-0.8909683499999999,11.5198343,Gabon
GM,Gambia,258194808,192774,13.061,13.8253137,-17.0288254,-13.797778,-16.118732162564726,13.44294275,Gambia,relation,boundary,administrative,0.7622426982317844,,,,,5.0,13.443156850000001,-15.413301699999998,Gambia
GE,Georgia,257665009,28699,41.0552922,43.5864294,39.8844803,46.7365373,44.0287382,41.6809707,საქართველო,relation,boundary,administrative,0.8484537973566207,,,,,5.0,42.3208608,43.3105088,Georgia
DE,Germany,257692299,51477,47.2701114,55.099161,5.8663153,15.0418087,10.4234469,51.0834196,Deutschland,relation,boundary,administrative,0.8896814891722549,,,,,5.0,51.1846362,10.454062,Germany
GH,Ghana,258409793,192781,4.5392525,11.1748562,-3.260786,1.2732942,-1.0840975468820433,7.8573710000000005,Ghana,relation,boundary,administrative,0.8220291406805259,,,,,5.0,7.85705435,-0.9937459,Ghana
GI,Gibraltar,310608056,1278736,36.058755,36.1550376,-5.4006553,-5.2766611,-5.3541295,36.140807,Gibraltar,relation,boundary,administrative,0.7747207705880548,,,,,13.923191541513317,36.1068963,-5.3386582,Gibraltar
GR,Greece,258453061,192307,34.7006096,41.7488889,19.2477876,29.7296986,21.9877132,38.9953683,Ελλάς,relation,boundary,administrative,0.7989961019843714,,,,,5.0,38.22474925,24.4887431,Greece
GL,Greenland,258682464,2184073,59.515387,83.875172,-74.1250416,-10.0288759,-42.8125967,77.6192349,Kalaallit Nunaat,relation,boundary,administrative,0.6774248677562027,,,,,5.0,71.6952795,-42.07695875,Greenland
GD,Grenada,258464039,550727,11.786,12.5966532,-62.0065868,-61.1732143,-61.6904045,12.1360374,Grenada,relation,boundary,administrative,0.7518270516887136,,,,,9.273187322075191,12.1913266,-61.589900549999996,Grenada
GP,Guadeloupe,258574169,1047206,15.8320085,16.5145161,-61.809764,-61.0003663,-61.68712602138846,16.230510250000002,"Guadeloupe, France",relation,boundary,administrative,0.7531267049530997,,,,,10.136122047479354,16.1732623,-61.40506515,Guadeloupe
GU,Guam,258022039,1152532,13.2459915,13.654381,144.6183206,144.9569582,144.75755102972062,13.450125700000001,"Guam, Santa Rita Municipality, Guam, United States",relation,place,island,0.7997849437974089,,,,,13.03782403151438,13.450186250000002,144.7876394,Guam
GT,Guatemala,258193481,1521463,13.6345804,17.8165947,-92.3105242,-88.1755849,-89.8988087,15.6356088,Guatemala,relation,boundary,administrative,0.8207092873823184,,,,,5.0,15.72558755,-90.24305455000001,Guatemala
GG,Guernsey,258403336,270009,49.219875,49.9403001,-3.0209018,-2.0502773,-2.5822348,49.4566233,Guernsey,relation,boundary,administrative,0.6943495272047454,,,,,9.107222066724887,49.58008755,-2.53558955,Guernsey
GN,Guinea,257301923,192778,7.1906045,12.67563,-15.5680508,-7.6379222,-10.7083587,10.7226226,Guinée,relation,boundary,administrative,0.6747143583493685,,,,,5.0,9.93311725,-11.6029865,Guinea
GW,Guinea-Bissau,257557052,192776,10.6514215,12.6862384,-16.894523,-13.6348777,-15.535471371611191,11.6688305,Guiné-Bissau,relation,boundary,administrative,0.7476750057423153,,,,,5.0,11.66882995,-15.26470035,Guinea-Bissau
GY,Guyana,257905719,287083,1.1710017,8.6038842,-61.4089403,-56.4689543,-58.6416891,4.8417097,Guyana,relation,boundary,administrative,0.7838226083713286,,,,,5.0,4.88744295,-58.938947299999995,Guyana
HT,Haiti,257948040,307829,17.9099291,20.2181368,-75.2384618,-71.6217461,-72.3570972,19.1399952,Ayiti,relation,boundary,administrative,0.6894586811719409,,,,,5.0,19.064032949999998,-73.43010394999999,Haiti
HM,Heard & McDonald Islands,258970427,7250946,-53.0516953,-53.0168576,72.5781078,72.6186968,72.60091035273109,-53.0409004,"McDonald Islands, Heard Island and McDonald Islands, Australia",relation,place,archipelago,0.5,,,,,13.996934752256902,-53.03427645,72.5984023,Heard & McDonald Islands
HN,Honduras,257416285,287670,12.9808485,17.619522,-89.3568207,-82.1729621,-86.0755145,15.2572432,Honduras,relation,boundary,administrative,0.8114238266104418,,,,,5.0,15.30018525,-85.76489140000001,Honduras
HK,Hong Kong,259472119,10264792,22.1926504,22.3002834,114.1098795,114.3090495,114.1628131,22.2793278,"香港島 Hong Kong Island, 香港 Hong Kong, 中国",relation,boundary,administrative,0.9643017260100437,,,,,13.856635080425733,22.2464669,114.2094645,Hong Kong
HU,Hungary,257662998,21335,45.737128,48.585257,16.1138866,22.8977094,19.135174733081314,47.16115805,Magyarország,relation,boundary,administrative,0.8082845952630475,,,,,5.0,47.1611925,19.505798,Hungary
IS,Iceland,258407939,299133,63.0859177,67.353,-25.0135069,-12.8046162,-18.1059013,64.9841821,Ísland,relation,boundary,administrative,0.7356875782503985,,,,,5.0,65.21945885,-18.90906155,Iceland
IN,India,310077719,304716,6.2325274,35.5232328,68.1113787,97.395561,78.6677428,22.3511148,India,relation,boundary,administrative,0.957689135880987,,,,,5.0,20.877880100000002,82.75346985,India
ID,Indonesia,257918359,304751,-11.2085669,6.2744496,94.7717124,141.0200345,117.8902853,-2.4833826,Indonesia,relation,boundary,administrative,0.9255820405486824,,,,,5.0,-2.46705865,117.89587345000001,Indonesia
IR,Iran,258075432,304938,24.8465103,39.7824624,44.0318908,63.3332704,54.5643516,32.6475314,ایران,relation,boundary,administrative,0.8247027036152258,,,,,5.0,32.314486349999996,53.6825806,Iran
IQ,Iraq,257951804,304934,29.0585661,37.3806687,38.7936719,48.8591875,44.1749775,33.0955793,العراق / عێراق,relation,boundary,administrative,0.7465118206048474,,,,,5.0,33.219617400000004,43.8264297,Iraq
IE,Ireland,258361977,62273,51.222,55.636,-11.0133788,-5.6582363,-7.9794599,52.865196,Éire / Ireland,relation,boundary,administrative,0.873845787392843,,,,,5.0,53.429,-8.33580755,Ireland
IM,Isle of Man,257759442,62269,53.845,54.5534288,-5.1707285,-3.9654061,-4.5591148,54.1936805,Isle of Man,relation,boundary,administrative,0.9363902899371642,,,,,8.023804098574173,54.1992144,-4.5680673,Isle of Man
IL,Israel,258074628,1473946,29.4533796,33.3356317,34.2674994,35.8950234,34.8667654,31.5313113,ישראל,relation,boundary,administrative,0.7916020036585036,,,,,5.0,31.39450565,35.0812614,Israel
IT,Italy,258444203,365331,35.2889616,47.0921462,6.6272658,18.7844746,12.674297,42.6384261,Italia,relation,boundary,administrative,0.8831019031440555,,,,,5.0,41.1905539,12.7058702,Italy
JM,Jamaica,258485445,555017,16.5899443,18.7256394,-78.5782366,-75.7541143,-77.3947693,18.1850507,Jamaica,relation,boundary,administrative,0.817261561694498,,,,,5.0,17.65779185,-77.16617545,Jamaica
JP,Japan,258446007,382313,20.2145811,45.7112046,122.7141754,154.205541,139.2394179,36.5748441,日本,relation,boundary,administrative,0.8710133265462459,,,,,5.0,32.96289285,138.4598582,Japan
JE,Jersey,257580938,367988,48.871203,49.4596091,-2.5605483,-1.8347,-2.1358386,49.2214561,Jersey,relation,boundary,administrative,0.7301522233911605,,,,,11.014265209105854,49.16540605,-2.19762415,Jersey
JO,Jordan,258022296,184818,29.183401,33.3750617,34.8844372,39.3012981,36.941628,31.1667049,الأردن,relation,boundary,administrative,0.716221771346838,,,,,5.0,31.279231350000003,37.09286765,Jordan
KZ,Kazakhstan,258456913,214665,40.5686476,55.4421701,46.4932179,87.3156316,65.2093197,47.2286086,Қазақстан,relation,boundary,administrative,0.7625195773380931,,,,,5.0,48.005408849999995,66.90442475,Kazakhstan
KE,Kenya,258031172,192798,-4.8995204,4.62,33.9096888,41.9067502,37.48603689110992,-0.1667169,Kenya,relation,boundary,administrative,0.8364885983836255,,,,,5.0,-0.1397602,37.9082195,Kenya
KI,Kiribati,258555103,571178,-11.646,4.9,-174.743355,177.0491167,175.29694553869794,-1.2394555500000002,Kiribati,relation,boundary,administrative,0.7282156601190494,,,,,5.0,-3.373,1.1528808500000025,Kiribati
KW,Kuwait,257947174,305099,28.5243622,30.1038082,46.5526837,49.0046809,47.4979476,29.2733964,الكويت,relation,boundary,administrative,0.6956018021536645,,,,,5.0,29.3140852,47.7786823,Kuwait
KG,Kyrgyzstan,257857355,178009,39.1727382,43.2667971,69.2649523,80.2295793,74.724091,41.5089324,Кыргызстан,relation,boundary,administrative,0.6994715253345936,,,,,5.0,41.219767649999994,74.74726580000001,Kyrgyzstan
LA,Laos,258079325,49903,13.9096752,22.5086717,100.0843247,107.6349989,103.378253,20.0171109,ປະເທດລາວ,relation,boundary,administrative,0.6874172064815958,,,,,5.0,18.20917345,103.8596618,Laos
LV,Latvia,257910781,72594,55.6746505,58.0855688,20.6715407,28.2414904,24.7537645,56.8406494,Latvija,relation,boundary,administrative,0.7445672004975968,,,,,5.0,56.880109649999994,24.45651555,Latvia
LB,Lebanon,258407440,184843,33.0550325,34.6923543,34.8825667,36.625,35.843409,33.8750629,لبنان,relation,boundary,administrative,0.7338053797046019,,,,,5.0,33.8736934,35.75378335,Lebanon
LS,Lesotho,258275126,2093234,-30.6772773,-28.5705652,27.0113763,29.4557099,28.3350193,-29.6039267,Lesotho,relation,boundary,administrative,0.7530995289751592,,,,,5.0,-29.623921250000002,28.2335431,Lesotho
LR,Liberia,257865924,192780,4.1555907,8.5519251,-11.6080764,-7.367323,-9.3658524,5.7499721,Liberia,relation,boundary,administrative,0.7749385733978303,,,,,5.0,6.3537579,-9.4876997,Liberia
LY,Libya,258196294,192758,19.4999907,33.3545898,9.391081,25.3770629,17.30331995251014,26.4215275,ليبيا,relation,boundary,administrative,0.7041024217704211,,,,,5.0,26.42729025,17.38407195,Libya
LI,Liechtenstein,258563053,1155955,47.0484291,47.270581,9.4716736,9.6357143,9.546911556940856,47.1594125,Liechtenstein,relation,boundary,administrative,0.7772812682684203,,,,,13.751499589041114,47.15950505,9.55369395,Liechtenstein
LT,Lithuania,258088012,72596,53.8967893,56.4504213,20.6557167,26.8355198,23.7499997,55.3500003,Lietuva,relation,boundary,administrative,0.7555587122038111,,,,,5.0,55.173605300000006,23.74561825,Lithuania
LU,Luxembourg,258680582,2171347,49.4478539,50.1827958,5.7357006,6.5312481,6.1296751,49.8158683,Lëtzebuerg,relation,boundary,administrative,0.7282786757940397,,,,,9.910073530350221,49.815324849999996,6.13347435,Luxembourg
MO,Macau,258463456,1867188,22.0766667,22.2170361,113.5281666,113.6301389,113.5514142,22.1757605,"澳門 Macau, 中国",relation,boundary,administrative,0.7718757305940611,,,,,13.90654814194653,22.146851400000003,113.57915275,Macau
MG,Madagascar,258058840,447325,-25.784021,-11.732889,42.9680076,50.6727307,46.4416422,-18.9249604,Madagasikara,relation,boundary,administrative,0.7100321853006678,,,,,5.0,-18.758454999999998,46.820369150000005,Madagascar
MW,Malawi,258015492,195290,-17.1296031,-9.368301,32.6703616,35.9185731,33.9301963,-13.2687204,Malawi,relation,boundary,administrative,0.7701192508847585,,,,,5.0,-13.24895205,34.294467350000005,Malawi
MY,Malaysia,258625503,2108121,0.8538205,7.6667327,98.9372144,119.5833462,102.2656823,4.5693754,Malaysia,relation,boundary,administrative,0.8774875088743168,,,,,5.0,4.2602766,109.2602803,Malaysia
MV,Maldives,258047730,536773,-0.9074935,7.3106246,72.3554187,73.9700962,73.3287853,4.7064352,ދިވެހިރާއްޖެ,relation,boundary,administrative,0.6505206523917122,,,,,5.0,3.2015655499999998,73.16275745,Maldives
ML,Mali,258390630,192785,10.147811,25.001084,-12.2402835,4.2673828,-2.2900239,16.3700359,Mali,relation,boundary,administrative,0.8007810889294139,,,,,5.0,17.574447499999998,-3.98645035,Mali
MT,Malta,258431458,365307,35.6029696,36.2852706,13.9324226,14.8267966,14.383630615858262,35.9446731,Malta,relation,boundary,administrative,0.8227503606393624,,,,,9.731041110316326,35.9441201,14.3796096,Malta
MH,Marshall Islands,2735253,358211839,8.9995049,8.9996049,168.0002075,168.0003075,168.0002575,8.9995549,"Marshall Islands, Ṃajeḷ",node,place,archipelago,0.8262249910720232,,,,,19.70703124999096,8.9995549,168.00025749999998,Marshall Islands
MQ,Martinique,258593258,1260552,14.3886707,14.8787327,-61.2290255,-60.8097044,-61.01582685063731,14.6367927,"Martinique, France",relation,boundary,administrative,0.7530342576962258,,,,,12.566983148623686,14.6337017,-61.019364949999996,Martinique
MR,Mauritania,257903579,192763,14.7209909,27.314942,-17.068081,-4.8333344,-9.2399263,20.2540382,موريتانيا,relation,boundary,administrative,0.6670494911762537,,,,,5.0,21.01796645,-10.950707699999999,Mauritania
MU,Mauritius,258556432,535828,-20.725,-10.138,56.3825151,63.7151319,57.5703566,-20.2759451,Mauritius,relation,boundary,administrative,0.7798312933383907,,,,,5.0,-15.4315,60.0488235,Mauritius
YT,Mayotte,258484209,3388394,-13.0210119,-12.6365902,45.0183298,45.3000242,45.148626111147614,-12.8253862,"Mayotte, France",relation,boundary,administrative,0.7845861995789228,,,,,13.248075555385181,-12.82880105,45.159177,Mayotte
MX,Mexico,257065613,114686,14.3886243,32.7186553,-118.599188,-86.493266,-100.0000375,22.5000485,México,relation,boundary,administrative,0.8399239324417648,,,,,5.0,23.5536398,-102.546227,Mexico
FM,Micronesia,258075744,571802,0.827,10.291,137.2234512,163.2364054,152.00846930625,8.6065,Micronesia,relation,boundary,administrative,0.7171624483803017,,,,,5.0,5.559,150.22992829999998,Micronesia
MD,Moldova,258078872,58974,45.4672099,48.4918695,26.6164054,30.1637143,28.5670941,47.2879608,Moldova,relation,boundary,administrative,0.8206475435968451,,,,,5.0,46.979539700000004,28.39005985,Moldova
MC,Monaco,257226999,36990,43.7247599,43.7519311,7.4090279,7.4398704,7.424224092532953,43.73844905,Monaco,relation,boundary,land_area,0.7996445984970584,,,,,14.144363074918497,43.7383455,7.42444915,Monaco
MN,Mongolia,258374991,161033,41.5800276,52.1496,87.7341556,119.9322079,103.8499736,46.8250388,Монгол улс ᠮᠤᠩᠭᠤᠯ ᠤᠯᠤᠰ,relation,boundary,administrative,0.7127164027485121,,,,,5.0,46.8648138,103.83318175,Mongolia
ME,Montenegro,256918884,53296,41.7495999,43.5585061,18.4195781,20.3529276,19.5180992,42.9868853,Crna Gora / Црна Гора,relation,boundary,administrative,0.7107334837567978,,,,,5.0,42.654053000000005,19.386252849999998,Montenegro
MS,Montserrat,258318127,537257,16.475,17.0152978,-62.450667,-61.9353818,-62.1916844,16.7417041,Montserrat,relation,boundary,administrative,0.7115299709091701,,,,,12.056085363835205,16.7451489,-62.1930244,Montserrat
MA,Morocco,258802367,3630439,21.3365321,36.0505269,-17.2551456,-0.998429,-7.3362482,31.1728205,Maroc / ⵍⵎⵖⵔⵉⴱ / المغرب,relation,boundary,administrative,0.7810747179869433,,,,,5.0,28.6935295,-9.1267873,Morocco
MZ,Mozambique,258405737,195273,-26.9209427,-10.3252149,30.2121663,41.0545908,34.9144977,-19.302233,Moçambique,relation,boundary,administrative,0.6908696400423262,,,,,5.0,-18.623078800000002,35.63337855,Mozambique
MM,Myanmar (Burma),257686006,50371,9.4399432,28.547835,92.1719423,101.1700796,95.9999652,17.1750495,မြန်မာ,relation,boundary,administrative,0.7016029345383097,,,,,5.0,18.9938891,96.67101095,Myanmar (Burma)
NA,Namibia,258181441,195266,-28.96945,-16.9635105,11.5280384,25.2617671,17.3231107,-23.2335499,Namibia,relation,boundary,administrative,0.7974233863630761,,,,,5.0,-22.96648025,18.39490275,Namibia
NR,Nauru,257951954,571804,-0.753,-0.303,166.7099864,167.1597301,166.9324426,-0.5252306,Naoero,relation,boundary,administrative,0.6179109930057393,,,,,12.588765123440863,-0.528,166.93485825,Nauru
NP,Nepal,298303229,184633,26.3477581,30.446945,80.0586226,88.2015257,84.0917139,28.1083929,नेपाल,relation,boundary,administrative,0.7097698150324357,,,,,5.0,28.39735155,84.13007415000001,Nepal
NL,Netherlands,258635389,2323309,11.777,53.744395,-70.2695876,7.2274985,5.7480821,52.5001698,Nederland,relation,boundary,administrative,0.8294168953690945,,,,,5.0,32.7606975,-31.521044549999996,Netherlands
NC,New Caledonia,258773952,3407643,-23.2217509,-17.6868616,157.9847541,172.3057152,164.55660583077983,-20.454288599999998,"Nouvelle-Calédonie, France",relation,boundary,administrative,0.6530281909202376,,,,,5.0,-20.454306250000002,165.14523465000002,New Caledonia
NZ,New Zealand,257922775,556706,-52.8213687,-29.0303303,-179.059153,179.3643594,172.8344077,-41.5000831,New Zealand / Aotearoa,relation,boundary,administrative,0.9917111729593473,,,,,5.0,-40.9258495,0.1526032000000015,New Zealand
NI,Nicaragua,258223262,287666,10.7076565,15.0331183,-87.901532,-82.6227023,-85.2936911,12.6090157,Nicaragua,relation,boundary,administrative,0.8050020670049343,,,,,5.0,12.8703874,-85.26211715,Nicaragua
NE,Niger,258196686,192786,11.6936071,23.517178,0.1689653,15.996667,9.3238432,17.7356214,Niger,relation,boundary,administrative,0.7721876916930209,,,,,5.0,17.60539255,8.082816150000001,Niger
NG,Nigeria,258179403,192787,4.0690959,13.885645,2.676932,14.678014,7.9999721,9.6000359,Nigeria,relation,boundary,administrative,0.8478171670529561,,,,,5.0,8.97737045,8.677472999999999,Nigeria
NU,Niue,258627005,1558556,-19.3548665,-18.7534559,-170.1595029,-169.5647229,-169.861341,-19.0536414,Niuē,relation,boundary,administrative,0.5900049602121268,,,,,11.500445990111153,-19.0541612,-169.8621129,Niue
NF,Norfolk Island,258736756,2386068,-29.0626787,-28.9953081,167.9147193,167.9965857,167.9587289126371,-29.0289575,"Norfolk Island, Burnt Pine, Norfolk Island, 2899, Australia",relation,place,island,0.7716580731495573,,,,,13.968197160624795,-29.028993399999997,167.95565249999999,Norfolk Island
KP,North Korea,257555920,192734,37.5833302,43.0089642,124.0913902,130.924647,127.0870417,40.3736611,조선민주주의인민공화국,relation,boundary,administrative,0.7126255612938714,,,,,5.0,40.2961472,127.5080186,North Korea
MK,North Macedonia,258289965,53293,40.8536596,42.3735359,20.4529023,23.034051,21.7168387,41.6171214,Северна Македонија,relation,boundary,administrative,0.7001064362149694,,,,,5.0,41.61359775,21.74347665,North Macedonia
MP,Northern Mariana Islands,258240780,306004,14.036565,20.616556,144.813338,146.154418,145.21345248318923,14.149020499999999,"Northern Mariana Islands, United States",relation,boundary,administrative,0.9705389141997045,,,,,5.0,17.3265605,145.483878,Northern Mariana Islands
NO,Norway,258434833,2978650,-54.654,81.028076,-9.6848146,34.6891253,9.0999715,60.5000209,Norge,relation,boundary,administrative,0.8146965219784713,,,,,5.0,13.187037999999998,12.50215535,Norway
OM,Oman,258236468,305138,16.4649608,26.7026737,52,60.054577,57.0036901,21.0000287,عمان,relation,boundary,administrative,0.6803260258705147,,,,,5.0,21.58381725,56.0272885,Oman
PK,Pakistan,310077720,307573,23.5393916,37.084107,60.872855,77.1167249,71.247499,30.3308401,پاکستان,relation,boundary,administrative,0.7629093672646272,,,,,5.0,30.311749300000002,68.99478995,Pakistan
PW,Palau,258530413,571805,2.748,8.222,131.0685462,134.7714735,134.496454875,7.3245000000000005,Belau,relation,boundary,administrative,0.6271003987936703,,,,,5.0,5.484999999999999,132.92000984999999,Palau
PS,Palestinian Territories,296689559,1703814,31.2201289,32.5521479,34.0689732,35.5739235,35.27386547291496,31.94696655,"الأراضي الفلسطينية, الضفة الغربية, Palestinian Territory",relation,boundary,disputed,0.7518099903537933,,,,,5.0,31.8861384,34.82144835,Palestinian Territories
PA,Panama,257650546,287668,7.0338679,9.8701757,-83.0517245,-77.1585751,-81.1308434,8.559559,Panamá,relation,boundary,administrative,0.7141874101321185,,,,,5.0,8.4520218,-80.10514979999999,Panama
PG,Papua New Guinea,258241053,307866,-11.8555739,-0.5573576,140.8416553,159.692724,144.2489081,-5.6816069,Papua Niugini,relation,boundary,administrative,0.7883295037610466,,,,,5.0,-6.20646575,150.26718965,Papua New Guinea
PY,Paraguay,258211585,287077,-27.6063935,-19.2876472,-62.6406685,-54.258,-58.1693445,-23.3165935,Paraguay,relation,boundary,administrative,0.8246534009155165,,,,,5.0,-23.44702035,-58.44933425,Paraguay
PE,Peru,258422900,288247,-20.1984472,-0.0392818,-84.6356535,-68.6519906,-75.0458515,-6.8699697,Perú,relation,boundary,administrative,0.7624059239253266,,,,,5.0,-10.1188645,-76.64382205000001,Peru
PH,Philippines,258179528,443174,4.2158064,21.3217806,114.0952145,126.8072562,122.7312101,12.7503486,Philippines,relation,boundary,administrative,0.8795214658806055,,,,,5.0,12.768793500000001,120.45123534999999,Philippines
PN,Pitcairn Islands,258682989,2185375,-25.1306736,-23.8655769,-130.8049862,-124.717534,-130.1017823,-25.0657719,Pitcairn Islands,relation,boundary,administrative,0.7793426129243788,,,,,5.0,-24.49812525,-127.7612601,Pitcairn Islands
PL,Poland,258357895,49715,49.0020468,55.036025,14.0696389,24.145783,19.134422,52.215933,Polska,relation,boundary,administrative,0.8525855477196589,,,,,5.0,52.019035900000006,19.10771095,Poland
PT,Portugal,257659868,295480,29.8288021,42.1543112,-31.5575303,-6.1891593,-8.567392135367742,39.4332242,Portugal,relation,boundary,administrative,0.9140042734645856,,,,,5.0,35.99155665,-18.873344799999998,Portugal
PR,Puerto Rico,258958763,7117066,17.9268695,18.5159789,-67.271492,-65.5897525,-66.41328179513847,18.2214149,"Puerto Rico, United States",relation,place,island,0.931796885669627,,,,,7.064963606412801,18.2214242,-66.43062225,Puerto Rico
QA,Qatar,258224271,305095,24.4707534,26.3830212,50.5675,52.638011,51.2295295,25.3336984,قطر,relation,boundary,administrative,0.7034116050243635,,,,,5.0,25.4268873,51.6027555,Qatar
RE,Réunion,257742289,77601,-21.3897308,-20.8717411,55.2164268,55.8366924,55.536480112992315,-21.130737949999997,"La Réunion, France",relation,boundary,administrative,0.7460123673434271,,,,,11.755605801840645,-21.130735950000002,55.5265596,Réunion
RO,Romania,257807627,90689,43.618682,48.2654738,20.2619955,30.0454257,24.6859225,45.9852129,România,relation,boundary,administrative,0.8053461798288829,,,,,5.0,45.9420779,25.1537106,Romania
RU,Russia,258410737,60189,41.1850968,82.0586232,-180,180,97.7453061,64.6863136,Россия,relation,boundary,administrative,0.852192362078589,,,,,5.0,61.62186,0.0,Russia
RW,Rwanda,257506373,171496,-2.8397581,-1.0474083,28.861696,30.8990738,30.0644358,-1.9646631,Rwanda,relation,boundary,administrative,0.7762008261017145,,,,,5.0,-1.9435832,29.8803849,Rwanda
WS,Samoa,258569989,1872673,-14.2770916,-13.2381892,-173.0091864,-171.1929229,-172.1200508,-13.7693895,Sāmoa,relation,boundary,administrative,0.6439775648701538,,,,,5.0,-13.7576404,-172.10105465,Samoa
SM,San Marino,257263712,54624,43.893632,43.992093,12.4033246,12.5160665,12.458306,43.9458623,San Marino,relation,boundary,administrative,0.8593263756585181,,,,,13.929061900500907,43.9428625,12.45969555,San Marino
ST,São Tomé & Príncipe,257941551,535880,-0.2135137,1.9257601,6.260642,7.6704783,6.9648718,0.8875498,São Tomé e Príncipe,relation,boundary,administrative,0.9245364589328441,,,,,5.0,0.8561232,6.96556015,São Tomé & Príncipe
SA,Saudi Arabia,258074051,307584,16.29,32.1543377,34.4571718,55.6666851,42.3528328,25.6242618,السعودية,relation,boundary,administrative,0.7352625171598721,,,,,5.0,24.22216885,45.061928449999996,Saudi Arabia
SN,Senegal,258367179,192775,12.2372838,16.6919712,-17.7862419,-11.3459503,-14.765340959100413,14.46517725,Sénégal,relation,boundary,administrative,0.7011432334197998,,,,,5.0,14.4646275,-14.5660961,Senegal
RS,Serbia,258556028,1741311,42.2322435,46.1900524,18.8147288,23.006309,20.55144,44.1534121,Србија,relation,boundary,administrative,0.777253646015475,,,,,5.0,44.21114795,20.9105189,Serbia
SC,Seychelles,258464914,536765,-10.4649258,-3.512,45.9988759,56.4979396,55.4540146,-4.6574977,Sesel,relation,boundary,administrative,0.647100293229899,,,,,5.0,-6.9884629,51.24840775,Seychelles
SL,Sierra Leone,257903966,192777,6.755,9.999973,-13.5003389,-10.271683,-11.8400269,8.6400349,Sierra Leone,relation,boundary,administrative,0.866895719179607,,,,,5.0,8.3774865,-11.88601095,Sierra Leone
SG,Singapore,258556513,536780,1.1303611,1.5131602,103.5666667,104.5706795,103.8194992,1.357107,Singapore,relation,boundary,administrative,0.8532767551059058,,,,,11.313866386543754,1.3217606499999999,104.0686731,Singapore
SX,Sint Maarten,258735473,2726643,52.7323564,52.7794571,4.7032337,4.7957997,4.7448352,52.7736657,"Sint Maarten, Schagen, Noord-Holland, Nederland",relation,boundary,administrative,0.5135607691790297,,,,,13.976293322674524,52.75590675,4.7495167,Sint Maarten
SK,Slovakia,257217802,14296,47.7314286,49.6138162,16.8331891,22.56571,19.63679421037233,48.6726975,Slovensko,relation,boundary,administrative,0.7770347827049954,,,,,5.0,48.6726224,19.699449549999997,Slovakia
SI,Slovenia,258398896,218657,45.4214242,46.8766816,13.3754696,16.5968135,14.626325753340627,46.149034549999996,Slovenija,relation,boundary,administrative,0.7682671370568277,,,,,5.0,46.1490529,14.98614155,Slovenia
SB,Solomon Islands,258291922,1857436,-13.2424298,-4.81085,155.3190556,170.3964667,159.1070693851845,-8.7053941,Solomon Islands,relation,boundary,administrative,0.8482794057281653,,,,,5.0,-9.0266399,162.85776115,Solomon Islands
SO,Somalia,258390915,192799,-1.8031969,12.1889121,40.98918,51.6177696,49.083416,8.3676771,Soomaaliya الصومال,relation,boundary,administrative,0.6812394356224046,,,,,5.0,5.1928576,46.303474800000004,Somalia
ZA,South Africa,258310948,87565,-47.1788335,-22.1250301,16.3335213,38.2898954,24.086794125366062,-28.579397200000002,South Africa,relation,boundary,administrative,0.9829076277030664,,,,,5.0,-34.6519318,27.31170835,South Africa
GS,South Georgia & South Sandwich Islands,258257380,1983628,-59.684,-53.3500755,-42.354739,-25.8468303,-35.8090698,-54.8432857,South Georgia and the South Sandwich Islands,relation,boundary,administrative,1.0742536836621865,,,,,5.0,-56.51703775,-34.10078465,South Georgia & South Sandwich Islands
KR,South Korea,258235947,307756,32.9104556,38.623477,124.3727348,132.1467806,127.6961188,36.638392,대한민국,relation,boundary,administrative,0.8024195921473957,,,,,5.0,35.7669663,128.2597577,South Korea
SS,South Sudan,258166497,1656678,3.48898,12.236389,23.447778,35.948997,29.6667897,7.8699431,South Sudan,relation,boundary,administrative,0.8419711778869385,,,,,5.0,7.8626845,29.6983875,South Sudan
ES,Spain,258583824,1311341,27.4335426,43.9933088,-18.3936845,4.5918885,-4.8379791,39.3260685,España,relation,boundary,administrative,0.8655525045180258,,,,,5.0,35.7134257,-6.900898,Spain
LK,Sri Lanka,258464964,536807,5.719,10.035,79.3959205,82.0810141,80.7137847,7.5554942,ශ්‍රී ලංකාව இலங்கை,relation,boundary,administrative,0.7303120940185784,,,,,5.0,7.877000000000001,80.7384673,Sri Lanka
BL,St. Barthélemy,258171808,1363079,17.8708183,17.9741034,-62.9511181,-62.7890273,-62.811568843006896,17.9036287,"Saint-Barthélemy, 97133, France",relation,boundary,administrative,0.6704743121682499,,,,,13.889537112176548,17.92246085,-62.8700727,St. Barthélemy
SH,St. Helena,258726181,4868269,-16.0274459,-15.9038563,-5.7899604,-5.6341331,-5.702145010209923,-15.9656162,"Saint Helena, Saint Helena, Ascension and Tristan da Cunha",relation,place,island,0.7805642960276058,,,,,13.871900404506215,-15.965651099999999,-5.71204675,St. Helena
KN,St. Kitts & Nevis,258047844,536899,16.895,17.6158146,-63.051129,-62.3303519,-62.6725973,17.250512,Saint Kitts and Nevis,relation,boundary,administrative,0.8217511321460651,,,,,10.366460960351937,17.2554073,-62.69074045,St. Kitts & Nevis
LC,St. Lucia,257919228,550728,13.508,14.2725,-61.2853867,-60.6669363,-60.975036,13.8250489,Saint Lucia,relation,boundary,administrative,0.7346422154948714,,,,,10.6939700770534,13.89025,-60.9761615,St. Lucia
MF,St. Martin,258351831,113111,48.5618765,48.5855005,6.723106,6.7700941,6.7539988,48.5683066,"Saint-Martin, Lunéville, Meurthe-et-Moselle, Grand Est, France métropolitaine, 54450, France",relation,boundary,administrative,0.7407819604642085,,,,,13.999064695996383,48.5736885,6.74660005,St. Martin
PM,St. Pierre & Miquelon,257918005,233377,46.7494573,47.1442602,-56.4058767,-56.1189569,-56.195158907484085,46.783246899999995,"Saint-Pierre-et-Miquelon, 4297, France",relation,boundary,land_area,0.7861058717112965,,,,,13.213130126136877,46.946858750000004,-56.2624168,St. Pierre & Miquelon
VC,St. Vincent & Grenadines,258319684,550725,12.5166548,13.583,-61.6657471,-60.9094146,-61.2765569,12.90447,Saint Vincent and the Grenadines,relation,boundary,administrative,0.823713004890265,,,,,8.35574325116572,13.0498274,-61.28758085,St. Vincent & Grenadines
SD,Sudan,258367505,192789,8.685278,22.224918,21.8145046,39.0576252,29.4917691,14.5844444,السودان,relation,boundary,administrative,0.6964067229299375,,,,,5.0,15.455098,30.436064899999998,Sudan
SR,Suriname,257419144,287082,1.8312802,6.225,-58.070833,-53.8433358,-56.0771187,4.1413025,Suriname,relation,boundary,administrative,0.7717286425569695,,,,,5.0,4.0281401,-55.9570844,Suriname
SJ,Svalbard & Jan Mayen,258466370,3245620,70.6260825,81.028076,-9.6848146,34.6891253,16.60558240163109,78.51240255,"Svalbard and Jan Mayen, Norge",relation,boundary,administrative,0.7606181870358569,,,,,5.0,75.82707925,12.50215535,Svalbard & Jan Mayen
SE,Sweden,257716320,52822,55.1331192,69.0599699,10.5930952,24.1776819,14.5208584,59.6749712,Sverige,relation,boundary,administrative,0.8416324543382404,,,,,5.0,62.096544550000004,17.385388550000002,Sweden
CH,Switzerland,257695656,51701,45.817995,47.8084648,5.9559113,10.4922941,8.444947437939408,46.813331250000005,Schweiz/Suisse/Svizzera/Svizra,relation,boundary,administrative,0.8264851715752518,,,,,5.0,46.8132299,8.2241027,Switzerland
SY,Syria,257279539,184840,32.311354,37.3184589,35.4714427,42.3751851,39.0494106,34.6401861,سوريا,relation,boundary,administrative,0.7525196192595823,,,,,5.0,34.81490645,38.9233139,Syria
TW,Taiwan,257930770,449220,10.3266667,26.4372222,114.2880556,122.297,120.9820179,23.9739374,臺灣,relation,boundary,administrative,0.7494197917813127,,,,,5.0,18.38194445,118.2925278,Taiwan
TJ,Tajikistan,258204156,214626,36.6711153,41.0450935,67.3332775,75.1539563,70.8156541,38.6281733,Тоҷикистон,relation,boundary,administrative,0.6836792205108031,,,,,5.0,38.8581044,71.2436169,Tajikistan
TZ,Tanzania,257254156,195270,-11.761254,-0.9854812,29.3269773,40.6584071,35.7878438,-6.5247123,Tanzania,relation,boundary,administrative,0.8168481223849393,,,,,5.0,-6.3733676,34.9926922,Tanzania
TH,Thailand,258620831,2067731,5.612851,20.4648337,97.3438072,105.636812,100.83273,14.8971921,ประเทศไทย,relation,boundary,administrative,0.7626272891555399,,,,,5.0,13.03884235,101.4903096,Thailand
TL,Timor-Leste,257489021,305142,-9.5642775,-8.0895459,124.0415703,127.5335392,125.8375756,-8.5151979,Timór Lorosa'e,relation,boundary,administrative,0.6514264881101406,,,,,5.0,-8.8269117,125.78755475,Timor-Leste
TG,Togo,257546531,192782,5.926547,11.1395102,-0.1439746,1.8087257,1.0199765,8.7800265,Togo,relation,boundary,administrative,0.7699926334327344,,,,,5.0,8.5330286,0.8323755500000001,Togo
TK,Tokelau,258292104,2186600,-9.6442499,-8.3328631,-172.7213673,-170.9797586,-171.819687,-9.1676396,Tokelau,relation,boundary,administrative,0.6786215552003629,,,,,5.0,-8.988556500000001,-171.85056294999998,Tokelau
TO,Tonga,258595415,2186665,-24.1034499,-15.3655722,-179.3866055,-173.5295458,-175.2026424,-19.9160819,Tonga,relation,boundary,administrative,0.7479760396975804,,,,,5.0,-19.734511050000002,-176.45807565,Tonga
TT,Trinidad & Tobago,258485524,555717,9.8732106,11.5628372,-62.083056,-60.2895848,-60.9821067,10.8677845,Trinidad and Tobago,relation,boundary,administrative,0.8757536208342385,,,,,5.0,10.7180239,-61.1863204,Trinidad & Tobago
TN,Tunisia,258390327,192757,30.229061,37.7612052,7.5219807,11.8801133,9.367097748325554,33.994952999999995,تونس,relation,boundary,administrative,0.7340067800616644,,,,,5.0,33.995133100000004,9.701046999999999,Tunisia
TR,Turkey,258445264,174737,35.8076804,42.297,25.6212891,44.8176638,34.9249653,38.9597594,Türkiye,relation,boundary,administrative,0.8122896524184086,,,,,5.0,39.0523402,35.21947645,Turkey
TM,Turkmenistan,258208391,223026,35.129093,42.797427,52.335076,66.6903725,59.3924609,39.3763807,Türkmenistan,relation,boundary,administrative,0.6814790574096448,,,,,5.0,38.96326,59.51272425,Turkmenistan
TC,Turks & Caicos Islands,258463315,547479,20.9553418,22.1630989,-72.6799046,-70.8643591,-71.6201783,21.7214683,Turks and Caicos Islands,relation,boundary,administrative,0.8976276739705145,,,,,5.0,21.55922035,-71.77213185,Turks & Caicos Islands
TV,Tuvalu,258343085,2177266,-10.9939389,-5.4369611,-180,180,179.1582918181797,-8.6405212,Tuvalu,relation,boundary,administrative,0.7272282076788764,,,,,5.0,-8.21545,0.0,Tuvalu
UM,U.S. Outlying Islands,145883762,224642871,22.3552607,22.3557394,114.0581549,114.0587029,114.05842827903723,22.35554795,"離島廢物轉運設施 - 馬灣站 Outlying Islands Transfer Facilities - Ma Wan Station, 珀林路 Pak Lam Road, 青龍頭 Tsing Lung Tau, 深井村 Sham Tseng Village, 荃灣區 Tsuen Wan District, 新界 New Territories, 香港 Hong Kong, 中国",way,amenity,waste_transfer_station,0.401,,,,,16.81213153396441,22.35550005,114.0584289,U.S. Outlying Islands
VI,U.S. Virgin Islands,257654333,286898,17.623468,18.464984,-65.159094,-64.512674,-64.7080574,17.789187,"United States Virgin Islands, United States",relation,boundary,administrative,1.075776020010478,,,,,10.195311011870066,18.044226000000002,-64.835884,U.S. Virgin Islands
UG,Uganda,257547928,192796,-1.4823179,4.2340766,29.573433,35.000308,32.72391099113675,1.3769751000000001,Uganda,relation,boundary,administrative,0.8070209678442662,,,,,5.0,1.37587935,32.2868705,Uganda
UA,Ukraine,257727085,60199,44.184598,52.3797464,22.137059,40.2275801,31.2718321,49.4871968,Україна,relation,boundary,administrative,0.8164442439164168,,,,,5.0,48.282172200000005,31.18231955,Ukraine
AE,United Arab Emirates,258427713,307763,22.6316214,26.1517219,51.4160714,56.6024458,53.9994829,24.0002488,الإمارات العربية المتحدة,relation,boundary,administrative,0.7152773445439308,,,,,5.0,24.39167165,54.009258599999995,United Arab Emirates
GB,United Kingdom,258411454,62149,49.674,61.061,-14.015517,2.0919117,-3.2765753,54.7023545,United Kingdom,relation,boundary,administrative,1.0723780132837335,,,,,5.0,55.3675,-5.961802649999999,United Kingdom
US,United States,257984054,148838,-14.7608358,71.6048217,-180,180,-100.4458825,39.7837304,United States,relation,boundary,administrative,1.1356913674575888,,,,,5.0,28.42199295,0.0,United States
UY,Uruguay,257746160,287072,-35.7824481,-30.0853962,-58.4947729,-53.0755833,-56.0201525,-32.8755548,Uruguay,relation,boundary,administrative,0.8455090049235761,,,,,5.0,-32.93392215,-55.785178099999996,Uruguay
UZ,Uzbekistan,257555259,196240,37.1821164,45.5905053,55.9989049,73.1397362,63.9528098,41.32373,Oʻzbekiston,relation,boundary,administrative,0.7097556840225441,,,,,5.0,41.38631085,64.56932055,Uzbekistan
VU,Vanuatu,258495458,2177246,-20.4627425,-12.8713777,166.3355255,170.449982,168.1069154,-16.5255069,Vanuatu,relation,boundary,administrative,0.7513907767265744,,,,,5.0,-16.6670601,168.39275375,Vanuatu
VA,Vatican City,258351163,36989,41.9002044,41.9073897,12.4457442,12.4583653,12.4528349,41.9034912,Civitas Vaticana,relation,boundary,administrative,0.7748487471189788,,,,,14.923145899038895,41.90379705,12.45205475,Vatican City
VE,Venezuela,258211725,272644,0.647529,15.9158431,-73.3529632,-59.5427079,-66.1109318,8.0018709,Venezuela,relation,boundary,administrative,0.8673030276616116,,,,,5.0,8.28168605,-66.44783555000001,Venezuela
VN,Vietnam,258322044,49915,7.8911481,23.3926918,102.1440302,114.3338325,108.4265113,13.2904027,Việt Nam,relation,boundary,administrative,0.7511945273335144,,,,,5.0,15.64191995,108.23893135,Vietnam
WF,Wallis & Futuna,3590097,424298155,-15.889402,-10.689402,-178.804224,-173.604224,-176.204224,-13.289402,"Wallis-et-Futuna, France",node,place,state,0.7854444355291887,,,,,5.0,-13.289401999999999,-176.204224,Wallis & Futuna
EH,Western Sahara,297425538,2559126,20.556883,27.6666834,-17.3494721,-8.666389,-13.950892328363645,24.1188663,"الصحراء الغربية, Maroc / ⵍⵎⵖⵔⵉⴱ / المغرب",relation,boundary,administrative,0.6067748936394997,,,,,5.0,24.111783199999998,-13.007930550000001,Western Sahara
YE,Yemen,258075923,305092,11.9084802,19,41.60825,54.7389375,47.8915271,16.3471243,اليمن,relation,boundary,administrative,0.7341632926781916,,,,,5.0,15.4542401,48.173593749999995,Yemen
ZM,Zambia,257858630,195271,-18.0762145,-8.2749338,21.9993509,33.7095027,27.5589884,-14.5189121,Zambia,relation,boundary,administrative,0.79492269201686,,,,,5.0,-13.17557415,27.8544268,Zambia
ZW,Zimbabwe,257847347,195272,-22.4241096,-15.6097033,25.2373,33.0683501,29.35365015971339,-19.01688,Zimbabwe,relation,boundary,administrative,0.8078971268791867,,,,,5.0,-19.01690645,29.152825050000004,Zimbabwe
